Link,UploadDate,UploadTime,Size
USGS_LPC_WA_MtBaker_2015_10UEU7296_LAS_2017.laz,2018-01-02,0:55,1.7M
USGS_LPC_WA_MtBaker_2015_10UEU7297_LAS_2017.laz,2018-01-02,0:56,7.2M
USGS_LPC_WA_MtBaker_2015_10UEU7298_LAS_2017.laz,2018-01-02,0:58,15M
USGS_LPC_WA_MtBaker_2015_10UEU7299_LAS_2017.laz,2018-01-02,0:59,11M
USGS_LPC_WA_MtBaker_2015_10UEU7393_LAS_2017.laz,2018-01-02,0:59,397K
USGS_LPC_WA_MtBaker_2015_10UEU7394_LAS_2017.laz,2018-01-02,0:59,2.5M
USGS_LPC_WA_MtBaker_2015_10UEU7395_LAS_2017.laz,2018-01-02,1:02,66M
USGS_LPC_WA_MtBaker_2015_10UEU7396_LAS_2017.laz,2018-01-02,1:21,174M
USGS_LPC_WA_MtBaker_2015_10UEU7397_LAS_2017.laz,2018-01-02,1:44,260M
USGS_LPC_WA_MtBaker_2015_10UEU7398_LAS_2017.laz,2018-01-02,2:04,312M
USGS_LPC_WA_MtBaker_2015_10UEU7399_LAS_2017.laz,2018-01-02,2:19,376M
USGS_LPC_WA_MtBaker_2015_10UEU7492_LAS_2017.laz,2018-01-02,2:20,29M
USGS_LPC_WA_MtBaker_2015_10UEU7493_LAS_2017.laz,2018-01-02,2:24,90M
USGS_LPC_WA_MtBaker_2015_10UEU7494_LAS_2017.laz,2018-01-02,1:05,104M
USGS_LPC_WA_MtBaker_2015_10UEU7495_LAS_2017.laz,2018-01-02,1:19,120M
USGS_LPC_WA_MtBaker_2015_10UEU7496_LAS_2017.laz,2018-01-02,1:33,134M
USGS_LPC_WA_MtBaker_2015_10UEU7497_LAS_2017.laz,2018-01-02,1:54,219M
USGS_LPC_WA_MtBaker_2015_10UEU7498_LAS_2017.laz,2018-01-02,2:12,290M
USGS_LPC_WA_MtBaker_2015_10UEU7499_LAS_2017.laz,2018-01-02,2:28,499M
USGS_LPC_WA_MtBaker_2015_10UEU7590_LAS_2017.laz,2018-01-02,2:28,923K
USGS_LPC_WA_MtBaker_2015_10UEU7591_LAS_2017.laz,2018-01-02,0:56,9.6M
USGS_LPC_WA_MtBaker_2015_10UEU7592_LAS_2017.laz,2018-01-02,0:59,35M
USGS_LPC_WA_MtBaker_2015_10UEU7593_LAS_2017.laz,2018-01-02,1:12,114M
USGS_LPC_WA_MtBaker_2015_10UEU7594_LAS_2017.laz,2018-01-02,1:24,121M
USGS_LPC_WA_MtBaker_2015_10UEU7595_LAS_2017.laz,2018-01-02,1:35,106M
USGS_LPC_WA_MtBaker_2015_10UEU7596_LAS_2017.laz,2018-01-02,1:45,101M
USGS_LPC_WA_MtBaker_2015_10UEU7597_LAS_2017.laz,2018-01-02,1:10,195M
USGS_LPC_WA_MtBaker_2015_10UEU7598_LAS_2017.laz,2018-01-02,1:34,306M
USGS_LPC_WA_MtBaker_2015_10UEU7599_LAS_2017.laz,2018-01-02,1:54,286M
USGS_LPC_WA_MtBaker_2015_10UEU7689_LAS_2017.laz,2018-01-02,1:56,23M
USGS_LPC_WA_MtBaker_2015_10UEU7690_LAS_2017.laz,2018-01-02,1:59,38M
USGS_LPC_WA_MtBaker_2015_10UEU7691_LAS_2017.laz,2018-01-02,2:08,98M
USGS_LPC_WA_MtBaker_2015_10UEU7692_LAS_2017.laz,2018-01-02,1:08,120M
USGS_LPC_WA_MtBaker_2015_10UEU7693_LAS_2017.laz,2018-01-02,1:20,118M
USGS_LPC_WA_MtBaker_2015_10UEU7694_LAS_2017.laz,2018-01-02,1:31,107M
USGS_LPC_WA_MtBaker_2015_10UEU7695_LAS_2017.laz,2018-01-02,1:41,106M
USGS_LPC_WA_MtBaker_2015_10UEU7696_LAS_2017.laz,2018-01-02,1:51,112M
USGS_LPC_WA_MtBaker_2015_10UEU7697_LAS_2017.laz,2018-01-02,2:04,209M
USGS_LPC_WA_MtBaker_2015_10UEU7698_LAS_2017.laz,2018-01-02,1:18,307M
USGS_LPC_WA_MtBaker_2015_10UEU7699_LAS_2017.laz,2018-01-02,1:23,57M
USGS_LPC_WA_MtBaker_2015_10UEU7789_LAS_2017.laz,2018-01-02,1:31,86M
USGS_LPC_WA_MtBaker_2015_10UEU7790_LAS_2017.laz,2018-01-02,1:42,108M
USGS_LPC_WA_MtBaker_2015_10UEU7791_LAS_2017.laz,2018-01-02,1:53,140M
USGS_LPC_WA_MtBaker_2015_10UEU7792_LAS_2017.laz,2018-01-02,2:05,132M
USGS_LPC_WA_MtBaker_2015_10UEU7793_LAS_2017.laz,2018-01-02,1:06,121M
USGS_LPC_WA_MtBaker_2015_10UEU7794_LAS_2017.laz,2018-01-02,1:17,110M
USGS_LPC_WA_MtBaker_2015_10UEU7795_LAS_2017.laz,2018-01-02,1:29,136M
USGS_LPC_WA_MtBaker_2015_10UEU7796_LAS_2017.laz,2018-01-02,1:46,237M
USGS_LPC_WA_MtBaker_2015_10UEU7797_LAS_2017.laz,2018-01-02,2:03,273M
USGS_LPC_WA_MtBaker_2015_10UEU7798_LAS_2017.laz,2018-01-02,2:11,159M
USGS_LPC_WA_MtBaker_2015_10UEU7799_LAS_2017.laz,2018-01-02,0:54,2.5M
USGS_LPC_WA_MtBaker_2015_10UEU7889_LAS_2017.laz,2018-01-02,1:07,120M
USGS_LPC_WA_MtBaker_2015_10UEU7890_LAS_2017.laz,2018-01-02,1:20,151M
USGS_LPC_WA_MtBaker_2015_10UEU7891_LAS_2017.laz,2018-01-02,1:36,195M
USGS_LPC_WA_MtBaker_2015_10UEU7892_LAS_2017.laz,2018-01-02,1:49,171M
USGS_LPC_WA_MtBaker_2015_10UEU7893_LAS_2017.laz,2018-01-02,2:00,205M
USGS_LPC_WA_MtBaker_2015_10UEU7894_LAS_2017.laz,2018-01-02,1:08,149M
USGS_LPC_WA_MtBaker_2015_10UEU7895_LAS_2017.laz,2018-01-02,1:21,128M
USGS_LPC_WA_MtBaker_2015_10UEU7896_LAS_2017.laz,2018-01-02,1:39,242M
USGS_LPC_WA_MtBaker_2015_10UEU7897_LAS_2017.laz,2018-01-02,1:54,267M
USGS_LPC_WA_MtBaker_2015_10UEU7898_LAS_2017.laz,2018-01-02,1:56,24M
USGS_LPC_WA_MtBaker_2015_10UEU7899_LAS_2017.laz,2018-01-02,2:05,144M
USGS_LPC_WA_MtBaker_2015_10UEU7989_LAS_2017.laz,2018-01-02,1:08,157M
USGS_LPC_WA_MtBaker_2015_10UEU7990_LAS_2017.laz,2018-01-02,1:24,202M
USGS_LPC_WA_MtBaker_2015_10UEU7991_LAS_2017.laz,2018-01-02,1:36,160M
USGS_LPC_WA_MtBaker_2015_10UEU7992_LAS_2017.laz,2018-01-02,1:53,238M
USGS_LPC_WA_MtBaker_2015_10UEU7993_LAS_2017.laz,2018-01-02,2:13,350M
USGS_LPC_WA_MtBaker_2015_10UEU7994_LAS_2017.laz,2018-01-02,2:21,235M
USGS_LPC_WA_MtBaker_2015_10UEU7995_LAS_2017.laz,2018-01-02,1:10,190M
USGS_LPC_WA_MtBaker_2015_10UEU7996_LAS_2017.laz,2018-01-02,1:28,249M
USGS_LPC_WA_MtBaker_2015_10UEU7997_LAS_2017.laz,2018-01-02,1:38,128M
USGS_LPC_WA_MtBaker_2015_10UEU7998_LAS_2017.laz,2018-01-02,1:41,43M
USGS_LPC_WA_MtBaker_2015_10UEU7999_LAS_2017.laz,2018-01-02,1:57,273M
USGS_LPC_WA_MtBaker_2015_10UEU8089_LAS_2017.laz,2018-01-02,2:08,161M
USGS_LPC_WA_MtBaker_2015_10UEU8090_LAS_2017.laz,2018-01-02,1:15,254M
USGS_LPC_WA_MtBaker_2015_10UEU8091_LAS_2017.laz,2018-01-02,1:39,327M
USGS_LPC_WA_MtBaker_2015_10UEU8092_LAS_2017.laz,2018-01-02,2:00,356M
USGS_LPC_WA_MtBaker_2015_10UEU8093_LAS_2017.laz,2018-01-02,2:15,325M
USGS_LPC_WA_MtBaker_2015_10UEU8094_LAS_2017.laz,2018-01-02,2:24,271M
USGS_LPC_WA_MtBaker_2015_10UEU8095_LAS_2017.laz,2018-01-02,2:28,224M
USGS_LPC_WA_MtBaker_2015_10UEU8096_LAS_2017.laz,2018-01-02,1:11,216M
USGS_LPC_WA_MtBaker_2015_10UEU8097_LAS_2017.laz,2018-01-02,1:12,10M
USGS_LPC_WA_MtBaker_2015_10UEU8098_LAS_2017.laz,2018-01-02,1:26,180M
USGS_LPC_WA_MtBaker_2015_10UEU8099_LAS_2017.laz,2018-01-02,1:57,482M
USGS_LPC_WA_MtBaker_2015_10UEU8185_LAS_2017.laz,2018-01-02,2:00,54M
USGS_LPC_WA_MtBaker_2015_10UEU8186_LAS_2017.laz,2018-01-02,2:10,184M
USGS_LPC_WA_MtBaker_2015_10UEU8187_LAS_2017.laz,2018-01-02,1:03,115M
USGS_LPC_WA_MtBaker_2015_10UEU8188_LAS_2017.laz,2018-01-02,1:14,127M
USGS_LPC_WA_MtBaker_2015_10UEU8189_LAS_2017.laz,2018-01-02,1:44,418M
USGS_LPC_WA_MtBaker_2015_10UEU8190_LAS_2017.laz,2018-01-02,2:10,447M
USGS_LPC_WA_MtBaker_2015_10UEU8191_LAS_2017.laz,2018-01-02,2:25,456M
USGS_LPC_WA_MtBaker_2015_10UEU8192_LAS_2017.laz,2018-01-02,2:32,445M
USGS_LPC_WA_MtBaker_2015_10UEU8193_LAS_2017.laz,2018-01-02,1:29,455M
USGS_LPC_WA_MtBaker_2015_10UEU8194_LAS_2017.laz,2018-01-02,1:54,413M
USGS_LPC_WA_MtBaker_2015_10UEU8195_LAS_2017.laz,2018-01-02,2:15,388M
USGS_LPC_WA_MtBaker_2015_10UEU8196_LAS_2017.laz,2018-01-02,2:27,441M
USGS_LPC_WA_MtBaker_2015_10UEU8197_LAS_2017.laz,2018-01-02,2:29,54M
USGS_LPC_WA_MtBaker_2015_10UEU8198_LAS_2017.laz,2018-01-02,2:30,82M
USGS_LPC_WA_MtBaker_2015_10UEU8199_LAS_2017.laz,2018-01-02,1:15,258M
USGS_LPC_WA_MtBaker_2015_10UEU8285_LAS_2017.laz,2018-01-02,1:19,55M
USGS_LPC_WA_MtBaker_2015_10UEU8286_LAS_2017.laz,2018-01-02,1:31,148M
USGS_LPC_WA_MtBaker_2015_10UEU8287_LAS_2017.laz,2018-01-02,1:44,177M
USGS_LPC_WA_MtBaker_2015_10UEU8288_LAS_2017.laz,2018-01-02,2:01,276M
USGS_LPC_WA_MtBaker_2015_10UEU8289_LAS_2017.laz,2018-01-02,2:23,576M
USGS_LPC_WA_MtBaker_2015_10UEU8290_LAS_2017.laz,2018-01-02,1:22,359M
USGS_LPC_WA_MtBaker_2015_10UEU8291_LAS_2017.laz,2018-01-02,1:47,369M
USGS_LPC_WA_MtBaker_2015_10UEU8292_LAS_2017.laz,2018-01-02,2:09,382M
USGS_LPC_WA_MtBaker_2015_10UEU8293_LAS_2017.laz,2018-01-02,2:21,362M
USGS_LPC_WA_MtBaker_2015_10UEU8294_LAS_2017.laz,2018-01-02,2:29,318M
USGS_LPC_WA_MtBaker_2015_10UEU8295_LAS_2017.laz,2018-01-02,2:33,359M
USGS_LPC_WA_MtBaker_2015_10UEU8296_LAS_2017.laz,2018-01-02,1:33,516M
USGS_LPC_WA_MtBaker_2015_10UEU8297_LAS_2017.laz,2018-01-02,1:53,293M
USGS_LPC_WA_MtBaker_2015_10UEU8298_LAS_2017.laz,2018-01-02,2:07,214M
USGS_LPC_WA_MtBaker_2015_10UEU8299_LAS_2017.laz,2018-01-02,2:14,177M
USGS_LPC_WA_MtBaker_2015_10UEU8386_LAS_2017.laz,2018-01-02,2:14,3.8M
USGS_LPC_WA_MtBaker_2015_10UEU8387_LAS_2017.laz,2018-01-02,2:17,60M
USGS_LPC_WA_MtBaker_2015_10UEU8388_LAS_2017.laz,2018-01-02,1:16,269M
USGS_LPC_WA_MtBaker_2015_10UEU8389_LAS_2017.laz,2018-01-02,1:47,459M
USGS_LPC_WA_MtBaker_2015_10UEU8390_LAS_2017.laz,2018-01-02,2:08,366M
USGS_LPC_WA_MtBaker_2015_10UEU8391_LAS_2017.laz,2018-01-02,2:18,293M
USGS_LPC_WA_MtBaker_2015_10UEU8392_LAS_2017.laz,2018-01-02,2:25,208M
USGS_LPC_WA_MtBaker_2015_10UEU8393_LAS_2017.laz,2018-01-02,2:31,284M
USGS_LPC_WA_MtBaker_2015_10UEU8394_LAS_2017.laz,2018-01-02,1:19,345M
USGS_LPC_WA_MtBaker_2015_10UEU8395_LAS_2017.laz,2018-01-02,1:42,334M
USGS_LPC_WA_MtBaker_2015_10UEU8396_LAS_2017.laz,2018-01-02,2:10,411M
USGS_LPC_WA_MtBaker_2015_10UEU8397_LAS_2017.laz,2018-01-02,2:21,216M
USGS_LPC_WA_MtBaker_2015_10UEU8398_LAS_2017.laz,2018-01-02,2:25,129M
USGS_LPC_WA_MtBaker_2015_10UEU8399_LAS_2017.laz,2018-01-02,2:29,113M
USGS_LPC_WA_MtBaker_2015_10UEU8488_LAS_2017.laz,2018-01-02,2:29,27K
USGS_LPC_WA_MtBaker_2015_10UEU8489_LAS_2017.laz,2018-01-02,1:23,378M
USGS_LPC_WA_MtBaker_2015_10UEU8490_LAS_2017.laz,2018-01-02,1:48,372M
USGS_LPC_WA_MtBaker_2015_10UEU8491_LAS_2017.laz,2018-01-02,2:06,235M
USGS_LPC_WA_MtBaker_2015_10UEU8492_LAS_2017.laz,2018-01-02,2:16,148M
USGS_LPC_WA_MtBaker_2015_10UEU8493_LAS_2017.laz,2018-01-02,2:24,233M
USGS_LPC_WA_MtBaker_2015_10UEU8494_LAS_2017.laz,2018-01-02,2:31,263M
USGS_LPC_WA_MtBaker_2015_10UEU8495_LAS_2017.laz,2018-01-02,2:35,349M
USGS_LPC_WA_MtBaker_2015_10UEU8496_LAS_2017.laz,2018-01-02,1:12,196M
USGS_LPC_WA_MtBaker_2015_10UEU8497_LAS_2017.laz,2018-01-02,1:22,127M
USGS_LPC_WA_MtBaker_2015_10UEU8498_LAS_2017.laz,2018-01-02,1:32,92M
USGS_LPC_WA_MtBaker_2015_10UEU8499_LAS_2017.laz,2018-01-02,1:40,85M
USGS_LPC_WA_MtBaker_2015_10UEU8589_LAS_2017.laz,2018-01-02,2:03,320M
USGS_LPC_WA_MtBaker_2015_10UEU8590_LAS_2017.laz,2018-01-02,2:24,358M
USGS_LPC_WA_MtBaker_2015_10UEU8591_LAS_2017.laz,2018-01-02,2:30,222M
USGS_LPC_WA_MtBaker_2015_10UEU8592_LAS_2017.laz,2018-01-02,1:09,173M
USGS_LPC_WA_MtBaker_2015_10UEU8593_LAS_2017.laz,2018-01-02,1:24,210M
USGS_LPC_WA_MtBaker_2015_10UEU8594_LAS_2017.laz,2018-01-02,1:44,273M
USGS_LPC_WA_MtBaker_2015_10UEU8595_LAS_2017.laz,2018-01-02,2:04,282M
USGS_LPC_WA_MtBaker_2015_10UEU8596_LAS_2017.laz,2018-01-02,2:19,246M
USGS_LPC_WA_MtBaker_2015_10UEU8597_LAS_2017.laz,2018-01-02,2:23,83M
USGS_LPC_WA_MtBaker_2015_10UEU8598_LAS_2017.laz,2018-01-02,1:03,81M
USGS_LPC_WA_MtBaker_2015_10UEU8599_LAS_2017.laz,2018-01-02,1:12,91M
USGS_LPC_WA_MtBaker_2015_10UEU8689_LAS_2017.laz,2018-01-02,1:32,283M
USGS_LPC_WA_MtBaker_2015_10UEU8690_LAS_2017.laz,2018-01-02,1:49,265M
USGS_LPC_WA_MtBaker_2015_10UEU8691_LAS_2017.laz,2018-01-02,2:05,223M
USGS_LPC_WA_MtBaker_2015_10UEU8692_LAS_2017.laz,2018-01-02,2:16,188M
USGS_LPC_WA_MtBaker_2015_10UEU8693_LAS_2017.laz,2018-01-02,1:10,203M
USGS_LPC_WA_MtBaker_2015_10UEU8694_LAS_2017.laz,2018-01-02,1:24,221M
USGS_LPC_WA_MtBaker_2015_10UEU8695_LAS_2017.laz,2018-01-02,1:45,297M
USGS_LPC_WA_MtBaker_2015_10UEU8696_LAS_2017.laz,2018-01-02,2:04,255M
USGS_LPC_WA_MtBaker_2015_10UEU8697_LAS_2017.laz,2018-01-02,2:15,159M
USGS_LPC_WA_MtBaker_2015_10UEU8698_LAS_2017.laz,2018-01-02,2:23,120M
USGS_LPC_WA_MtBaker_2015_10UEU8699_LAS_2017.laz,2018-01-02,1:08,130M
USGS_LPC_WA_MtBaker_2015_10UEU8789_LAS_2017.laz,2018-01-02,1:22,193M
USGS_LPC_WA_MtBaker_2015_10UEU8790_LAS_2017.laz,2018-01-02,1:38,220M
USGS_LPC_WA_MtBaker_2015_10UEU8791_LAS_2017.laz,2018-01-02,1:54,218M
USGS_LPC_WA_MtBaker_2015_10UEU8792_LAS_2017.laz,2018-01-02,2:04,160M
USGS_LPC_WA_MtBaker_2015_10UEU8793_LAS_2017.laz,2018-01-02,2:13,163M
USGS_LPC_WA_MtBaker_2015_10UEU8794_LAS_2017.laz,2018-01-02,1:11,228M
USGS_LPC_WA_MtBaker_2015_10UEU8795_LAS_2017.laz,2018-01-02,1:51,582M
USGS_LPC_WA_MtBaker_2015_10UEU8796_LAS_2017.laz,2018-01-02,2:24,537M
USGS_LPC_WA_MtBaker_2015_10UEU8797_LAS_2017.laz,2018-01-02,2:31,321M
USGS_LPC_WA_MtBaker_2015_10UEU8798_LAS_2017.laz,2018-01-02,2:34,185M
USGS_LPC_WA_MtBaker_2015_10UEU8799_LAS_2017.laz,2018-01-02,2:35,176M
USGS_LPC_WA_MtBaker_2015_10UEU8888_LAS_2017.laz,2018-01-02,0:55,10M
USGS_LPC_WA_MtBaker_2015_10UEU8889_LAS_2017.laz,2018-01-02,1:09,176M
USGS_LPC_WA_MtBaker_2015_10UEU8890_LAS_2017.laz,2018-01-02,1:22,188M
USGS_LPC_WA_MtBaker_2015_10UEU8891_LAS_2017.laz,2018-01-02,1:38,214M
USGS_LPC_WA_MtBaker_2015_10UEU8892_LAS_2017.laz,2018-01-02,1:52,207M
USGS_LPC_WA_MtBaker_2015_10UEU8893_LAS_2017.laz,2018-01-02,2:03,162M
USGS_LPC_WA_MtBaker_2015_10UEU8894_LAS_2017.laz,2018-01-02,1:15,295M
USGS_LPC_WA_MtBaker_2015_10UEU8895_LAS_2017.laz,2018-01-02,1:52,517M
USGS_LPC_WA_MtBaker_2015_10UEU8896_LAS_2017.laz,2018-01-02,2:11,288M
USGS_LPC_WA_MtBaker_2015_10UEU8897_LAS_2017.laz,2018-01-02,2:23,230M
USGS_LPC_WA_MtBaker_2015_10UEU8898_LAS_2017.laz,2018-01-02,2:28,167M
USGS_LPC_WA_MtBaker_2015_10UEU8899_LAS_2017.laz,2018-01-02,2:31,104M
USGS_LPC_WA_MtBaker_2015_10UEU8988_LAS_2017.laz,2018-01-02,1:01,93M
USGS_LPC_WA_MtBaker_2015_10UEU8989_LAS_2017.laz,2018-01-02,1:16,208M
USGS_LPC_WA_MtBaker_2015_10UEU8990_LAS_2017.laz,2018-01-02,1:29,185M
USGS_LPC_WA_MtBaker_2015_10UEU8991_LAS_2017.laz,2018-01-02,1:43,216M
USGS_LPC_WA_MtBaker_2015_10UEU8992_LAS_2017.laz,2018-01-02,1:57,198M
USGS_LPC_WA_MtBaker_2015_10UEU8993_LAS_2017.laz,2018-01-02,2:10,223M
USGS_LPC_WA_MtBaker_2015_10UEU8994_LAS_2017.laz,2018-01-02,1:16,295M
USGS_LPC_WA_MtBaker_2015_10UEU8995_LAS_2017.laz,2018-01-02,1:45,404M
USGS_LPC_WA_MtBaker_2015_10UEU8996_LAS_2017.laz,2018-01-02,2:03,243M
USGS_LPC_WA_MtBaker_2015_10UEU8997_LAS_2017.laz,2018-01-02,2:18,242M
USGS_LPC_WA_MtBaker_2015_10UEU8998_LAS_2017.laz,2018-01-02,2:26,244M
USGS_LPC_WA_MtBaker_2015_10UEU8999_LAS_2017.laz,2018-01-02,2:30,117M
USGS_LPC_WA_MtBaker_2015_10UEU9088_LAS_2017.laz,2018-01-02,1:05,134M
USGS_LPC_WA_MtBaker_2015_10UEU9089_LAS_2017.laz,2018-01-02,1:24,287M
USGS_LPC_WA_MtBaker_2015_10UEU9090_LAS_2017.laz,2018-01-02,1:37,190M
USGS_LPC_WA_MtBaker_2015_10UEU9091_LAS_2017.laz,2018-01-02,1:51,198M
USGS_LPC_WA_MtBaker_2015_10UEU9092_LAS_2017.laz,2018-01-02,2:05,195M
USGS_LPC_WA_MtBaker_2015_10UEU9093_LAS_2017.laz,2018-01-02,2:19,255M
USGS_LPC_WA_MtBaker_2015_10UEU9094_LAS_2017.laz,2018-01-02,1:17,311M
USGS_LPC_WA_MtBaker_2015_10UEU9095_LAS_2017.laz,2018-01-02,1:46,437M
USGS_LPC_WA_MtBaker_2015_10UEU9096_LAS_2017.laz,2018-01-02,2:03,213M
USGS_LPC_WA_MtBaker_2015_10UEU9097_LAS_2017.laz,2018-01-02,2:23,354M
USGS_LPC_WA_MtBaker_2015_10UEU9098_LAS_2017.laz,2018-01-02,2:31,267M
USGS_LPC_WA_MtBaker_2015_10UEU9099_LAS_2017.laz,2018-01-02,2:34,169M
USGS_LPC_WA_MtBaker_2015_10UEU9188_LAS_2017.laz,2018-01-02,1:04,121M
USGS_LPC_WA_MtBaker_2015_10UEU9189_LAS_2017.laz,2018-01-02,1:23,286M
USGS_LPC_WA_MtBaker_2015_10UEU9190_LAS_2017.laz,2018-01-02,1:43,273M
USGS_LPC_WA_MtBaker_2015_10UEU9191_LAS_2017.laz,2018-01-02,2:03,279M
USGS_LPC_WA_MtBaker_2015_10UEU9192_LAS_2017.laz,2018-01-02,2:15,202M
USGS_LPC_WA_MtBaker_2015_10UEU9193_LAS_2017.laz,2018-01-02,2:26,268M
USGS_LPC_WA_MtBaker_2015_10UEU9194_LAS_2017.laz,2018-01-02,1:18,326M
USGS_LPC_WA_MtBaker_2015_10UEU9195_LAS_2017.laz,2018-01-02,1:42,334M
USGS_LPC_WA_MtBaker_2015_10UEU9196_LAS_2017.laz,2018-01-02,2:00,257M
USGS_LPC_WA_MtBaker_2015_10UEU9197_LAS_2017.laz,2018-01-02,2:18,315M
USGS_LPC_WA_MtBaker_2015_10UEU9198_LAS_2017.laz,2018-01-02,2:27,323M
USGS_LPC_WA_MtBaker_2015_10UEU9199_LAS_2017.laz,2018-01-02,2:32,306M
USGS_LPC_WA_MtBaker_2015_10UEU9288_LAS_2017.laz,2018-01-02,1:02,104M
USGS_LPC_WA_MtBaker_2015_10UEU9289_LAS_2017.laz,2018-01-02,1:22,257M
USGS_LPC_WA_MtBaker_2015_10UEU9290_LAS_2017.laz,2018-01-02,1:42,280M
USGS_LPC_WA_MtBaker_2015_10UEU9291_LAS_2017.laz,2018-01-02,2:01,280M
USGS_LPC_WA_MtBaker_2015_10UEU9292_LAS_2017.laz,2018-01-02,2:17,260M
USGS_LPC_WA_MtBaker_2015_10UEU9293_LAS_2017.laz,2018-01-02,2:26,248M
USGS_LPC_WA_MtBaker_2015_10UEU9294_LAS_2017.laz,2018-01-02,1:20,340M
USGS_LPC_WA_MtBaker_2015_10UEU9295_LAS_2017.laz,2018-01-02,1:43,355M
USGS_LPC_WA_MtBaker_2015_10UEU9296_LAS_2017.laz,2018-01-02,2:00,252M
USGS_LPC_WA_MtBaker_2015_10UEU9297_LAS_2017.laz,2018-01-02,2:15,233M
USGS_LPC_WA_MtBaker_2015_10UEU9298_LAS_2017.laz,2018-01-02,2:26,308M
USGS_LPC_WA_MtBaker_2015_10UEU9299_LAS_2017.laz,2018-01-02,2:33,377M
USGS_LPC_WA_MtBaker_2015_10UEU9388_LAS_2017.laz,2018-01-02,0:58,45M
USGS_LPC_WA_MtBaker_2015_10UEU9389_LAS_2017.laz,2018-01-02,1:06,115M
USGS_LPC_WA_MtBaker_2015_10UEU9390_LAS_2017.laz,2018-01-02,1:14,105M
USGS_LPC_WA_MtBaker_2015_10UEU9391_LAS_2017.laz,2018-01-02,1:21,103M
USGS_LPC_WA_MtBaker_2015_10UEU9392_LAS_2017.laz,2018-01-02,1:29,96M
USGS_LPC_WA_MtBaker_2015_10UEU9393_LAS_2017.laz,2018-01-02,1:35,86M
USGS_LPC_WA_MtBaker_2015_10UEU9394_LAS_2017.laz,2018-01-02,1:04,128M
USGS_LPC_WA_MtBaker_2015_10UEU9395_LAS_2017.laz,2018-01-02,1:22,233M
USGS_LPC_WA_MtBaker_2015_10UEU9396_LAS_2017.laz,2018-01-02,1:34,149M
USGS_LPC_WA_MtBaker_2015_10UEU9397_LAS_2017.laz,2018-01-02,1:49,224M
USGS_LPC_WA_MtBaker_2015_10UEU9398_LAS_2017.laz,2018-01-02,2:08,276M
USGS_LPC_WA_MtBaker_2015_10UEU9399_LAS_2017.laz,2018-01-02,2:24,353M
USGS_LPC_WA_MtBaker_2015_10UEU9495_LAS_2017.laz,2018-01-02,0:57,44M
USGS_LPC_WA_MtBaker_2015_10UEU9496_LAS_2017.laz,2018-01-02,1:01,37M
USGS_LPC_WA_MtBaker_2015_10UEU9497_LAS_2017.laz,2018-01-02,1:05,44M
USGS_LPC_WA_MtBaker_2015_10UEU9498_LAS_2017.laz,2018-01-02,1:08,40M
USGS_LPC_WA_MtBaker_2015_10UEU9499_LAS_2017.laz,2018-01-02,1:11,35M
USGS_LPC_WA_MtBaker_2015_10UEV7200_LAS_2017.laz,2018-01-02,1:12,13M
USGS_LPC_WA_MtBaker_2015_10UEV7300_LAS_2017.laz,2018-01-02,1:23,159M
USGS_LPC_WA_MtBaker_2015_10UEV7301_LAS_2017.laz,2018-01-02,0:55,18M
USGS_LPC_WA_MtBaker_2015_10UEV7302_LAS_2017.laz,2018-01-02,0:55,2.6M
USGS_LPC_WA_MtBaker_2015_10UEV7310_LAS_2017.laz,2018-01-02,1:04,99M
USGS_LPC_WA_MtBaker_2015_10UEV7311_LAS_2017.laz,2018-01-02,1:14,129M
USGS_LPC_WA_MtBaker_2015_10UEV7312_LAS_2017.laz,2018-01-02,1:15,8.8M
USGS_LPC_WA_MtBaker_2015_10UEV7400_LAS_2017.laz,2018-01-02,1:32,248M
USGS_LPC_WA_MtBaker_2015_10UEV7401_LAS_2017.laz,2018-01-02,1:39,88M
USGS_LPC_WA_MtBaker_2015_10UEV7402_LAS_2017.laz,2018-01-02,1:04,120M
USGS_LPC_WA_MtBaker_2015_10UEV7403_LAS_2017.laz,2018-01-02,1:05,8.2M
USGS_LPC_WA_MtBaker_2015_10UEV7410_LAS_2017.laz,2018-01-02,1:18,178M
USGS_LPC_WA_MtBaker_2015_10UEV7411_LAS_2017.laz,2018-01-02,1:33,214M
USGS_LPC_WA_MtBaker_2015_10UEV7412_LAS_2017.laz,2018-01-02,1:35,21M
USGS_LPC_WA_MtBaker_2015_10UEV7500_LAS_2017.laz,2018-01-02,1:36,4.6M
USGS_LPC_WA_MtBaker_2015_10UEV7501_LAS_2017.laz,2018-01-02,1:48,169M
USGS_LPC_WA_MtBaker_2015_10UEV7502_LAS_2017.laz,2018-01-02,1:11,206M
USGS_LPC_WA_MtBaker_2015_10UEV7503_LAS_2017.laz,2018-01-02,1:25,207M
USGS_LPC_WA_MtBaker_2015_10UEV7504_LAS_2017.laz,2018-01-02,1:35,122M
USGS_LPC_WA_MtBaker_2015_10UEV7505_LAS_2017.laz,2018-01-02,1:45,135M
USGS_LPC_WA_MtBaker_2015_10UEV7506_LAS_2017.laz,2018-01-02,2:03,285M
USGS_LPC_WA_MtBaker_2015_10UEV7507_LAS_2017.laz,2018-01-02,2:12,142M
USGS_LPC_WA_MtBaker_2015_10UEV7508_LAS_2017.laz,2018-01-02,1:05,142M
USGS_LPC_WA_MtBaker_2015_10UEV7509_LAS_2017.laz,2018-01-02,1:18,162M
USGS_LPC_WA_MtBaker_2015_10UEV7510_LAS_2017.laz,2018-01-02,1:30,178M
USGS_LPC_WA_MtBaker_2015_10UEV7511_LAS_2017.laz,2018-01-02,1:44,178M
USGS_LPC_WA_MtBaker_2015_10UEV7512_LAS_2017.laz,2018-01-02,1:46,24M
USGS_LPC_WA_MtBaker_2015_10UEV7600_LAS_2017.laz,2018-01-02,1:51,67M
USGS_LPC_WA_MtBaker_2015_10UEV7601_LAS_2017.laz,2018-01-02,1:20,306M
USGS_LPC_WA_MtBaker_2015_10UEV7602_LAS_2017.laz,2018-01-02,1:44,352M
USGS_LPC_WA_MtBaker_2015_10UEV7603_LAS_2017.laz,2018-01-02,2:08,363M
USGS_LPC_WA_MtBaker_2015_10UEV7604_LAS_2017.laz,2018-01-02,2:19,186M
USGS_LPC_WA_MtBaker_2015_10UEV7605_LAS_2017.laz,2018-01-02,2:30,260M
USGS_LPC_WA_MtBaker_2015_10UEV7606_LAS_2017.laz,2018-01-02,2:37,444M
USGS_LPC_WA_MtBaker_2015_10UEV7607_LAS_2017.laz,2018-01-02,1:12,217M
USGS_LPC_WA_MtBaker_2015_10UEV7608_LAS_2017.laz,2018-01-02,1:25,188M
USGS_LPC_WA_MtBaker_2015_10UEV7609_LAS_2017.laz,2018-01-02,1:40,188M
USGS_LPC_WA_MtBaker_2015_10UEV7610_LAS_2017.laz,2018-01-02,1:52,172M
USGS_LPC_WA_MtBaker_2015_10UEV7611_LAS_2017.laz,2018-01-02,2:02,177M
USGS_LPC_WA_MtBaker_2015_10UEV7612_LAS_2017.laz,2018-01-02,2:06,58M
USGS_LPC_WA_MtBaker_2015_10UEV7700_LAS_2017.laz,2018-01-02,1:19,308M
USGS_LPC_WA_MtBaker_2015_10UEV7701_LAS_2017.laz,2018-01-02,1:47,396M
USGS_LPC_WA_MtBaker_2015_10UEV7702_LAS_2017.laz,2018-01-02,2:09,353M
USGS_LPC_WA_MtBaker_2015_10UEV7703_LAS_2017.laz,2018-01-02,2:23,301M
USGS_LPC_WA_MtBaker_2015_10UEV7704_LAS_2017.laz,2018-01-02,2:30,219M
USGS_LPC_WA_MtBaker_2015_10UEV7705_LAS_2017.laz,2018-01-02,2:34,253M
USGS_LPC_WA_MtBaker_2015_10UEV7706_LAS_2017.laz,2018-01-02,1:26,440M
USGS_LPC_WA_MtBaker_2015_10UEV7707_LAS_2017.laz,2018-01-02,1:42,217M
USGS_LPC_WA_MtBaker_2015_10UEV7708_LAS_2017.laz,2018-01-02,1:54,166M
USGS_LPC_WA_MtBaker_2015_10UEV7709_LAS_2017.laz,2018-01-02,2:04,162M
USGS_LPC_WA_MtBaker_2015_10UEV7710_LAS_2017.laz,2018-01-02,2:13,130M
USGS_LPC_WA_MtBaker_2015_10UEV7711_LAS_2017.laz,2018-01-02,2:21,173M
USGS_LPC_WA_MtBaker_2015_10UEV7712_LAS_2017.laz,2018-01-02,1:24,386M
USGS_LPC_WA_MtBaker_2015_10UEV7713_LAS_2017.laz,2018-01-02,1:46,274M
USGS_LPC_WA_MtBaker_2015_10UEV7714_LAS_2017.laz,2018-01-02,1:58,154M
USGS_LPC_WA_MtBaker_2015_10UEV7800_LAS_2017.laz,2018-01-02,2:20,371M
USGS_LPC_WA_MtBaker_2015_10UEV7801_LAS_2017.laz,2018-01-02,2:31,315M
USGS_LPC_WA_MtBaker_2015_10UEV7802_LAS_2017.laz,2018-01-02,2:34,237M
USGS_LPC_WA_MtBaker_2015_10UEV7803_LAS_2017.laz,2018-01-02,1:13,246M
USGS_LPC_WA_MtBaker_2015_10UEV7804_LAS_2017.laz,2018-01-02,1:27,186M
USGS_LPC_WA_MtBaker_2015_10UEV7805_LAS_2017.laz,2018-01-02,1:49,302M
USGS_LPC_WA_MtBaker_2015_10UEV7806_LAS_2017.laz,2018-01-02,2:16,437M
USGS_LPC_WA_MtBaker_2015_10UEV7807_LAS_2017.laz,2018-01-02,2:25,221M
USGS_LPC_WA_MtBaker_2015_10UEV7808_LAS_2017.laz,2018-01-02,2:29,129M
USGS_LPC_WA_MtBaker_2015_10UEV7809_LAS_2017.laz,2018-01-02,1:06,132M
USGS_LPC_WA_MtBaker_2015_10UEV7810_LAS_2017.laz,2018-01-02,1:17,136M
USGS_LPC_WA_MtBaker_2015_10UEV7811_LAS_2017.laz,2018-01-02,1:30,184M
USGS_LPC_WA_MtBaker_2015_10UEV7812_LAS_2017.laz,2018-01-02,1:57,358M
USGS_LPC_WA_MtBaker_2015_10UEV7813_LAS_2017.laz,2018-01-02,2:20,389M
USGS_LPC_WA_MtBaker_2015_10UEV7814_LAS_2017.laz,2018-01-02,2:29,233M
USGS_LPC_WA_MtBaker_2015_10UEV7815_LAS_2017.laz,2018-01-02,0:54,242K
USGS_LPC_WA_MtBaker_2015_10UEV7900_LAS_2017.laz,2018-01-02,1:19,306M
USGS_LPC_WA_MtBaker_2015_10UEV7901_LAS_2017.laz,2018-01-02,1:39,264M
USGS_LPC_WA_MtBaker_2015_10UEV7902_LAS_2017.laz,2018-01-02,1:53,185M
USGS_LPC_WA_MtBaker_2015_10UEV7903_LAS_2017.laz,2018-01-02,2:06,225M
USGS_LPC_WA_MtBaker_2015_10UEV7904_LAS_2017.laz,2018-01-02,2:18,169M
USGS_LPC_WA_MtBaker_2015_10UEV7905_LAS_2017.laz,2018-01-02,1:20,337M
USGS_LPC_WA_MtBaker_2015_10UEV7906_LAS_2017.laz,2018-01-02,1:49,367M
USGS_LPC_WA_MtBaker_2015_10UEV7907_LAS_2017.laz,2018-01-02,2:03,224M
USGS_LPC_WA_MtBaker_2015_10UEV7908_LAS_2017.laz,2018-01-02,2:17,229M
USGS_LPC_WA_MtBaker_2015_10UEV7909_LAS_2017.laz,2018-01-02,2:25,222M
USGS_LPC_WA_MtBaker_2015_10UEV7910_LAS_2017.laz,2018-01-02,2:31,213M
USGS_LPC_WA_MtBaker_2015_10UEV7911_LAS_2017.laz,2018-01-02,1:10,195M
USGS_LPC_WA_MtBaker_2015_10UEV7912_LAS_2017.laz,2018-01-02,1:36,347M
USGS_LPC_WA_MtBaker_2015_10UEV7913_LAS_2017.laz,2018-01-02,2:19,665M
USGS_LPC_WA_MtBaker_2015_10UEV7914_LAS_2017.laz,2018-01-02,2:31,314M
USGS_LPC_WA_MtBaker_2015_10UEV7915_LAS_2017.laz,2018-01-02,2:33,136M
USGS_LPC_WA_MtBaker_2015_10UEV8000_LAS_2017.laz,2018-01-02,2:36,289M
USGS_LPC_WA_MtBaker_2015_10UEV8001_LAS_2017.laz,2018-01-02,1:14,249M
USGS_LPC_WA_MtBaker_2015_10UEV8002_LAS_2017.laz,2018-01-02,1:26,142M
USGS_LPC_WA_MtBaker_2015_10UEV8003_LAS_2017.laz,2018-01-02,1:42,185M
USGS_LPC_WA_MtBaker_2015_10UEV8004_LAS_2017.laz,2018-01-02,1:57,151M
USGS_LPC_WA_MtBaker_2015_10UEV8005_LAS_2017.laz,2018-01-02,2:10,222M
USGS_LPC_WA_MtBaker_2015_10UEV8006_LAS_2017.laz,2018-01-02,2:26,380M
USGS_LPC_WA_MtBaker_2015_10UEV8007_LAS_2017.laz,2018-01-02,1:19,294M
USGS_LPC_WA_MtBaker_2015_10UEV8008_LAS_2017.laz,2018-01-02,1:39,261M
USGS_LPC_WA_MtBaker_2015_10UEV8009_LAS_2017.laz,2018-01-02,1:58,279M
USGS_LPC_WA_MtBaker_2015_10UEV8010_LAS_2017.laz,2018-01-02,2:15,296M
USGS_LPC_WA_MtBaker_2015_10UEV8011_LAS_2017.laz,2018-01-02,2:29,325M
USGS_LPC_WA_MtBaker_2015_10UEV8012_LAS_2017.laz,2018-01-02,2:36,423M
USGS_LPC_WA_MtBaker_2015_10UEV8013_LAS_2017.laz,2018-01-02,1:56,861M
USGS_LPC_WA_MtBaker_2015_10UEV8014_LAS_2017.laz,2018-01-02,2:20,389M
USGS_LPC_WA_MtBaker_2015_10UEV8015_LAS_2017.laz,2018-01-02,2:29,242M
USGS_LPC_WA_MtBaker_2015_10UEV8016_LAS_2017.laz,2018-01-02,2:31,41M
USGS_LPC_WA_MtBaker_2015_10UEV8100_LAS_2017.laz,2018-01-02,2:35,283M
USGS_LPC_WA_MtBaker_2015_10UEV8101_LAS_2017.laz,2018-01-02,2:37,366M
USGS_LPC_WA_MtBaker_2015_10UEV8102_LAS_2017.laz,2018-01-02,1:12,168M
USGS_LPC_WA_MtBaker_2015_10UEV8103_LAS_2017.laz,2018-01-02,1:23,104M
USGS_LPC_WA_MtBaker_2015_10UEV8104_LAS_2017.laz,2018-01-02,1:34,104M
USGS_LPC_WA_MtBaker_2015_10UEV8105_LAS_2017.laz,2018-01-02,1:51,232M
USGS_LPC_WA_MtBaker_2015_10UEV8106_LAS_2017.laz,2018-01-02,2:14,362M
USGS_LPC_WA_MtBaker_2015_10UEV8107_LAS_2017.laz,2018-01-02,2:31,406M
USGS_LPC_WA_MtBaker_2015_10UEV8108_LAS_2017.laz,2018-01-02,1:18,291M
USGS_LPC_WA_MtBaker_2015_10UEV8109_LAS_2017.laz,2018-01-02,1:43,354M
USGS_LPC_WA_MtBaker_2015_10UEV8110_LAS_2017.laz,2018-01-02,2:10,413M
USGS_LPC_WA_MtBaker_2015_10UEV8111_LAS_2017.laz,2018-01-02,2:27,429M
USGS_LPC_WA_MtBaker_2015_10UEV8112_LAS_2017.laz,2018-01-02,2:35,436M
USGS_LPC_WA_MtBaker_2015_10UEV8113_LAS_2017.laz,2018-01-02,2:38,694M
USGS_LPC_WA_MtBaker_2015_10UEV8114_LAS_2017.laz,2018-01-02,1:31,546M
USGS_LPC_WA_MtBaker_2015_10UEV8115_LAS_2017.laz,2018-01-02,1:49,252M
USGS_LPC_WA_MtBaker_2015_10UEV8116_LAS_2017.laz,2018-01-02,1:56,103M
USGS_LPC_WA_MtBaker_2015_10UEV8200_LAS_2017.laz,2018-01-02,2:07,119M
USGS_LPC_WA_MtBaker_2015_10UEV8201_LAS_2017.laz,2018-01-02,2:20,138M
USGS_LPC_WA_MtBaker_2015_10UEV8202_LAS_2017.laz,2018-01-02,2:28,171M
USGS_LPC_WA_MtBaker_2015_10UEV8203_LAS_2017.laz,2018-01-02,2:31,86M
USGS_LPC_WA_MtBaker_2015_10UEV8204_LAS_2017.laz,2018-01-02,1:02,84M
USGS_LPC_WA_MtBaker_2015_10UEV8205_LAS_2017.laz,2018-01-02,1:17,207M
USGS_LPC_WA_MtBaker_2015_10UEV8206_LAS_2017.laz,2018-01-02,1:40,316M
USGS_LPC_WA_MtBaker_2015_10UEV8207_LAS_2017.laz,2018-01-02,2:22,615M
USGS_LPC_WA_MtBaker_2015_10UEV8208_LAS_2017.laz,2018-01-02,2:30,286M
USGS_LPC_WA_MtBaker_2015_10UEV8209_LAS_2017.laz,2018-01-02,2:34,317M
USGS_LPC_WA_MtBaker_2015_10UEV8210_LAS_2017.laz,2018-01-02,2:36,341M
USGS_LPC_WA_MtBaker_2015_10UEV8211_LAS_2017.laz,2018-01-02,1:14,317M
USGS_LPC_WA_MtBaker_2015_10UEV8212_LAS_2017.laz,2018-01-02,1:34,280M
USGS_LPC_WA_MtBaker_2015_10UEV8213_LAS_2017.laz,2018-01-02,2:05,436M
USGS_LPC_WA_MtBaker_2015_10UEV8214_LAS_2017.laz,2018-01-02,2:33,675M
USGS_LPC_WA_MtBaker_2015_10UEV8215_LAS_2017.laz,2018-01-02,2:36,289M
USGS_LPC_WA_MtBaker_2015_10UEV8216_LAS_2017.laz,2018-01-02,2:36,136M
USGS_LPC_WA_MtBaker_2015_10UEV8300_LAS_2017.laz,2018-01-02,2:37,93M
USGS_LPC_WA_MtBaker_2015_10UEV8301_LAS_2017.laz,2018-01-02,1:03,105M
USGS_LPC_WA_MtBaker_2015_10UEV8302_LAS_2017.laz,2018-01-02,1:20,181M
USGS_LPC_WA_MtBaker_2015_10UEV8303_LAS_2017.laz,2018-01-02,1:31,93M
USGS_LPC_WA_MtBaker_2015_10UEV8304_LAS_2017.laz,2018-01-02,1:41,90M
USGS_LPC_WA_MtBaker_2015_10UEV8305_LAS_2017.laz,2018-01-02,1:52,134M
USGS_LPC_WA_MtBaker_2015_10UEV8306_LAS_2017.laz,2018-01-02,2:06,196M
USGS_LPC_WA_MtBaker_2015_10UEV8307_LAS_2017.laz,2018-01-02,1:28,494M
USGS_LPC_WA_MtBaker_2015_10UEV8308_LAS_2017.laz,2018-01-02,1:45,213M
USGS_LPC_WA_MtBaker_2015_10UEV8309_LAS_2017.laz,2018-01-02,1:56,145M
USGS_LPC_WA_MtBaker_2015_10UEV8310_LAS_2017.laz,2018-01-02,2:10,137M
USGS_LPC_WA_MtBaker_2015_10UEV8311_LAS_2017.laz,2018-01-02,2:24,213M
USGS_LPC_WA_MtBaker_2015_10UEV8312_LAS_2017.laz,2018-01-02,2:32,363M
USGS_LPC_WA_MtBaker_2015_10UEV8313_LAS_2017.laz,2018-01-02,1:15,312M
USGS_LPC_WA_MtBaker_2015_10UEV8314_LAS_2017.laz,2018-01-02,1:51,473M
USGS_LPC_WA_MtBaker_2015_10UEV8315_LAS_2017.laz,2018-01-02,2:13,303M
USGS_LPC_WA_MtBaker_2015_10UEV8316_LAS_2017.laz,2018-01-02,2:23,157M
USGS_LPC_WA_MtBaker_2015_10UEV8400_LAS_2017.laz,2018-01-02,2:27,106M
USGS_LPC_WA_MtBaker_2015_10UEV8401_LAS_2017.laz,2018-01-02,2:29,93M
USGS_LPC_WA_MtBaker_2015_10UEV8402_LAS_2017.laz,2018-01-02,1:09,163M
USGS_LPC_WA_MtBaker_2015_10UEV8403_LAS_2017.laz,2018-01-02,1:20,111M
USGS_LPC_WA_MtBaker_2015_10UEV8404_LAS_2017.laz,2018-01-02,1:29,97M
USGS_LPC_WA_MtBaker_2015_10UEV8405_LAS_2017.laz,2018-01-02,1:39,99M
USGS_LPC_WA_MtBaker_2015_10UEV8406_LAS_2017.laz,2018-01-02,1:49,119M
USGS_LPC_WA_MtBaker_2015_10UEV8407_LAS_2017.laz,2018-01-02,2:19,383M
USGS_LPC_WA_MtBaker_2015_10UEV8408_LAS_2017.laz,2018-01-02,1:11,182M
USGS_LPC_WA_MtBaker_2015_10UEV8409_LAS_2017.laz,2018-01-02,1:23,112M
USGS_LPC_WA_MtBaker_2015_10UEV8410_LAS_2017.laz,2018-01-02,1:34,114M
USGS_LPC_WA_MtBaker_2015_10UEV8411_LAS_2017.laz,2018-01-02,1:43,100M
USGS_LPC_WA_MtBaker_2015_10UEV8412_LAS_2017.laz,2018-01-02,1:54,117M
USGS_LPC_WA_MtBaker_2015_10UEV8413_LAS_2017.laz,2018-01-02,2:03,115M
USGS_LPC_WA_MtBaker_2015_10UEV8414_LAS_2017.laz,2018-01-02,1:21,369M
USGS_LPC_WA_MtBaker_2015_10UEV8415_LAS_2017.laz,2018-01-02,1:47,350M
USGS_LPC_WA_MtBaker_2015_10UEV8416_LAS_2017.laz,2018-01-02,2:02,194M
USGS_LPC_WA_MtBaker_2015_10UEV8500_LAS_2017.laz,2018-01-02,2:10,89M
USGS_LPC_WA_MtBaker_2015_10UEV8501_LAS_2017.laz,2018-01-02,2:18,78M
USGS_LPC_WA_MtBaker_2015_10UEV8502_LAS_2017.laz,2018-01-02,2:26,110M
USGS_LPC_WA_MtBaker_2015_10UEV8503_LAS_2017.laz,2018-01-02,1:02,87M
USGS_LPC_WA_MtBaker_2015_10UEV8504_LAS_2017.laz,2018-01-02,1:11,87M
USGS_LPC_WA_MtBaker_2015_10UEV8505_LAS_2017.laz,2018-01-02,1:21,113M
USGS_LPC_WA_MtBaker_2015_10UEV8506_LAS_2017.laz,2018-01-02,1:38,163M
USGS_LPC_WA_MtBaker_2015_10UEV8507_LAS_2017.laz,2018-01-02,1:59,206M
USGS_LPC_WA_MtBaker_2015_10UEV8508_LAS_2017.laz,2018-01-02,2:16,149M
USGS_LPC_WA_MtBaker_2015_10UEV8509_LAS_2017.laz,2018-01-02,1:01,87M
USGS_LPC_WA_MtBaker_2015_10UEV8510_LAS_2017.laz,2018-01-02,1:13,177M
USGS_LPC_WA_MtBaker_2015_10UEV8511_LAS_2017.laz,2018-01-02,1:28,202M
USGS_LPC_WA_MtBaker_2015_10UEV8512_LAS_2017.laz,2018-01-02,1:42,183M
USGS_LPC_WA_MtBaker_2015_10UEV8513_LAS_2017.laz,2018-01-02,1:58,214M
USGS_LPC_WA_MtBaker_2015_10UEV8514_LAS_2017.laz,2018-01-02,2:25,388M
USGS_LPC_WA_MtBaker_2015_10UEV8515_LAS_2017.laz,2018-01-02,1:24,449M
USGS_LPC_WA_MtBaker_2015_10UEV8516_LAS_2017.laz,2018-01-02,1:43,230M
USGS_LPC_WA_MtBaker_2015_10UEV8600_LAS_2017.laz,2018-01-02,1:57,130M
USGS_LPC_WA_MtBaker_2015_10UEV8601_LAS_2017.laz,2018-01-02,2:12,132M
USGS_LPC_WA_MtBaker_2015_10UEV8602_LAS_2017.laz,2018-01-02,2:21,93M
USGS_LPC_WA_MtBaker_2015_10UEV8603_LAS_2017.laz,2018-01-02,2:27,91M
USGS_LPC_WA_MtBaker_2015_10UEV8604_LAS_2017.laz,2018-01-02,1:06,132M
USGS_LPC_WA_MtBaker_2015_10UEV8605_LAS_2017.laz,2018-01-02,1:25,178M
USGS_LPC_WA_MtBaker_2015_10UEV8606_LAS_2017.laz,2018-01-02,2:01,155M
USGS_LPC_WA_MtBaker_2015_10UEV8607_LAS_2017.laz,2018-01-02,2:15,115M
USGS_LPC_WA_MtBaker_2015_10UEV8608_LAS_2017.laz,2018-01-02,1:42,158M
USGS_LPC_WA_MtBaker_2015_10UEV8609_LAS_2017.laz,2018-01-02,2:24,149M
USGS_LPC_WA_MtBaker_2015_10UEV8610_LAS_2017.laz,2018-01-02,1:26,213M
USGS_LPC_WA_MtBaker_2015_10UEV8611_LAS_2017.laz,2018-01-02,1:44,245M
USGS_LPC_WA_MtBaker_2015_10UEV8612_LAS_2017.laz,2018-01-02,1:11,253M
USGS_LPC_WA_MtBaker_2015_10UEV8613_LAS_2017.laz,2018-01-02,2:02,244M
USGS_LPC_WA_MtBaker_2015_10UEV8614_LAS_2017.laz,2018-01-02,2:35,287M
USGS_LPC_WA_MtBaker_2015_10UEV8615_LAS_2017.laz,2018-01-02,2:31,620M
USGS_LPC_WA_MtBaker_2015_10UEV8616_LAS_2017.laz,2018-01-02,1:14,302M
USGS_LPC_WA_MtBaker_2015_10UEV8617_LAS_2017.laz,2018-01-02,1:14,1.4M
USGS_LPC_WA_MtBaker_2015_10UEV8700_LAS_2017.laz,2018-01-02,1:53,198M
USGS_LPC_WA_MtBaker_2015_10UEV8701_LAS_2017.laz,2018-01-02,1:33,169M
USGS_LPC_WA_MtBaker_2015_10UEV8702_LAS_2017.laz,2018-01-02,2:07,130M
USGS_LPC_WA_MtBaker_2015_10UEV8703_LAS_2017.laz,2018-01-02,1:05,112M
USGS_LPC_WA_MtBaker_2015_10UEV8704_LAS_2017.laz,2018-01-02,1:24,173M
USGS_LPC_WA_MtBaker_2015_10UEV8705_LAS_2017.laz,2018-01-02,2:22,162M
USGS_LPC_WA_MtBaker_2015_10UEV8706_LAS_2017.laz,2018-01-02,1:35,102M
USGS_LPC_WA_MtBaker_2015_10UEV8707_LAS_2017.laz,2018-01-02,1:51,138M
USGS_LPC_WA_MtBaker_2015_10UEV8708_LAS_2017.laz,2018-01-02,2:23,171M
USGS_LPC_WA_MtBaker_2015_10UEV8709_LAS_2017.laz,2018-01-02,1:11,241M
USGS_LPC_WA_MtBaker_2015_10UEV8710_LAS_2017.laz,2018-01-02,2:06,226M
USGS_LPC_WA_MtBaker_2015_10UEV8711_LAS_2017.laz,2018-01-02,1:27,230M
USGS_LPC_WA_MtBaker_2015_10UEV8712_LAS_2017.laz,2018-01-02,1:58,208M
USGS_LPC_WA_MtBaker_2015_10UEV8713_LAS_2017.laz,2018-01-02,2:14,216M
USGS_LPC_WA_MtBaker_2015_10UEV8714_LAS_2017.laz,2018-01-02,1:43,222M
USGS_LPC_WA_MtBaker_2015_10UEV8715_LAS_2017.laz,2018-01-02,2:33,631M
USGS_LPC_WA_MtBaker_2015_10UEV8716_LAS_2017.laz,2018-01-02,1:30,360M
USGS_LPC_WA_MtBaker_2015_10UEV8717_LAS_2017.laz,2018-01-02,1:05,172M
USGS_LPC_WA_MtBaker_2015_10UEV8718_LAS_2017.laz,2018-01-02,1:38,108M
USGS_LPC_WA_MtBaker_2015_10UEV8800_LAS_2017.laz,2018-01-02,2:08,104M
USGS_LPC_WA_MtBaker_2015_10UEV8801_LAS_2017.laz,2018-01-02,2:21,127M
USGS_LPC_WA_MtBaker_2015_10UEV8802_LAS_2017.laz,2018-01-02,1:56,161M
USGS_LPC_WA_MtBaker_2015_10UEV8803_LAS_2017.laz,2018-01-02,1:15,207M
USGS_LPC_WA_MtBaker_2015_10UEV8804_LAS_2017.laz,2018-01-02,1:29,132M
USGS_LPC_WA_MtBaker_2015_10UEV8805_LAS_2017.laz,2018-01-02,1:39,94M
USGS_LPC_WA_MtBaker_2015_10UEV8806_LAS_2017.laz,2018-01-02,1:53,156M
USGS_LPC_WA_MtBaker_2015_10UEV8807_LAS_2017.laz,2018-01-02,2:17,90M
USGS_LPC_WA_MtBaker_2015_10UEV8808_LAS_2017.laz,2018-01-02,2:09,177M
USGS_LPC_WA_MtBaker_2015_10UEV8809_LAS_2017.laz,2018-01-02,1:20,365M
USGS_LPC_WA_MtBaker_2015_10UEV8810_LAS_2017.laz,2018-01-02,1:55,254M
USGS_LPC_WA_MtBaker_2015_10UEV8811_LAS_2017.laz,2018-01-02,2:15,247M
USGS_LPC_WA_MtBaker_2015_10UEV8812_LAS_2017.laz,2018-01-02,1:38,231M
USGS_LPC_WA_MtBaker_2015_10UEV8813_LAS_2017.laz,2018-01-02,2:25,185M
USGS_LPC_WA_MtBaker_2015_10UEV8814_LAS_2017.laz,2018-01-02,1:14,291M
USGS_LPC_WA_MtBaker_2015_10UEV8815_LAS_2017.laz,2018-01-02,2:37,697M
USGS_LPC_WA_MtBaker_2015_10UEV8816_LAS_2017.laz,2018-01-02,1:43,454M
USGS_LPC_WA_MtBaker_2015_10UEV8817_LAS_2017.laz,2018-01-02,2:05,225M
USGS_LPC_WA_MtBaker_2015_10UEV8818_LAS_2017.laz,2018-01-02,2:08,83M
USGS_LPC_WA_MtBaker_2015_10UEV8900_LAS_2017.laz,2018-01-02,1:52,92M
USGS_LPC_WA_MtBaker_2015_10UEV8901_LAS_2017.laz,2018-01-02,2:13,103M
USGS_LPC_WA_MtBaker_2015_10UEV8902_LAS_2017.laz,2018-01-02,2:20,170M
USGS_LPC_WA_MtBaker_2015_10UEV8903_LAS_2017.laz,2018-01-02,1:23,308M
USGS_LPC_WA_MtBaker_2015_10UEV8904_LAS_2017.laz,2018-01-02,1:34,146M
USGS_LPC_WA_MtBaker_2015_10UEV8905_LAS_2017.laz,2018-01-02,1:55,135M
USGS_LPC_WA_MtBaker_2015_10UEV8906_LAS_2017.laz,2018-01-02,1:44,105M
USGS_LPC_WA_MtBaker_2015_10UEV8907_LAS_2017.laz,2018-01-02,2:02,80M
USGS_LPC_WA_MtBaker_2015_10UEV8908_LAS_2017.laz,2018-01-02,2:18,116M
USGS_LPC_WA_MtBaker_2015_10UEV8909_LAS_2017.laz,2018-01-02,1:22,373M
USGS_LPC_WA_MtBaker_2015_10UEV8910_LAS_2017.laz,2018-01-02,2:14,314M
USGS_LPC_WA_MtBaker_2015_10UEV8911_LAS_2017.laz,2018-01-02,1:39,269M
USGS_LPC_WA_MtBaker_2015_10UEV8912_LAS_2017.laz,2018-01-02,2:14,336M
USGS_LPC_WA_MtBaker_2015_10UEV8913_LAS_2017.laz,2018-01-02,2:01,331M
USGS_LPC_WA_MtBaker_2015_10UEV8914_LAS_2017.laz,2018-01-02,2:23,384M
USGS_LPC_WA_MtBaker_2015_10UEV8915_LAS_2017.laz,2018-01-02,2:32,466M
USGS_LPC_WA_MtBaker_2015_10UEV8916_LAS_2017.laz,2018-01-02,1:42,703M
USGS_LPC_WA_MtBaker_2015_10UEV8917_LAS_2017.laz,2018-01-02,2:26,176M
USGS_LPC_WA_MtBaker_2015_10UEV9000_LAS_2017.laz,2018-01-02,1:52,137M
USGS_LPC_WA_MtBaker_2015_10UEV9001_LAS_2017.laz,2018-01-02,2:00,91M
USGS_LPC_WA_MtBaker_2015_10UEV9002_LAS_2017.laz,2018-01-02,2:09,127M
USGS_LPC_WA_MtBaker_2015_10UEV9003_LAS_2017.laz,2018-01-02,2:19,263M
USGS_LPC_WA_MtBaker_2015_10UEV9004_LAS_2017.laz,2018-01-02,2:26,160M
USGS_LPC_WA_MtBaker_2015_10UEV9005_LAS_2017.laz,2018-01-02,2:23,124M
USGS_LPC_WA_MtBaker_2015_10UEV9006_LAS_2017.laz,2018-01-02,1:00,70M
USGS_LPC_WA_MtBaker_2015_10UEV9007_LAS_2017.laz,2018-01-02,1:28,84M
USGS_LPC_WA_MtBaker_2015_10UEV9008_LAS_2017.laz,2018-01-02,1:35,79M
USGS_LPC_WA_MtBaker_2015_10UEV9009_LAS_2017.laz,2018-01-02,1:20,242M
USGS_LPC_WA_MtBaker_2015_10UEV9010_LAS_2017.laz,2018-01-02,1:58,348M
USGS_LPC_WA_MtBaker_2015_10UEV9011_LAS_2017.laz,2018-01-02,1:23,393M
USGS_LPC_WA_MtBaker_2015_10UEV9012_LAS_2017.laz,2018-01-02,2:13,350M
USGS_LPC_WA_MtBaker_2015_10UEV9013_LAS_2017.laz,2018-01-02,1:41,285M
USGS_LPC_WA_MtBaker_2015_10UEV9014_LAS_2017.laz,2018-01-02,2:07,231M
USGS_LPC_WA_MtBaker_2015_10UEV9015_LAS_2017.laz,2018-01-02,2:14,188M
USGS_LPC_WA_MtBaker_2015_10UEV9016_LAS_2017.laz,2018-01-02,1:54,195M
USGS_LPC_WA_MtBaker_2015_10UEV9100_LAS_2017.laz,2018-01-02,2:19,177M
USGS_LPC_WA_MtBaker_2015_10UEV9101_LAS_2017.laz,2018-01-02,1:04,128M
USGS_LPC_WA_MtBaker_2015_10UEV9102_LAS_2017.laz,2018-01-02,1:15,147M
USGS_LPC_WA_MtBaker_2015_10UEV9103_LAS_2017.laz,2018-01-02,1:35,234M
USGS_LPC_WA_MtBaker_2015_10UEV9104_LAS_2017.laz,2018-01-02,1:54,214M
USGS_LPC_WA_MtBaker_2015_10UEV9105_LAS_2017.laz,2018-01-02,2:02,88M
USGS_LPC_WA_MtBaker_2015_10UEV9106_LAS_2017.laz,2018-01-02,2:06,80M
USGS_LPC_WA_MtBaker_2015_10UEV9107_LAS_2017.laz,2018-01-02,1:00,70M
USGS_LPC_WA_MtBaker_2015_10UEV9108_LAS_2017.laz,2018-01-02,1:07,73M
USGS_LPC_WA_MtBaker_2015_10UEV9109_LAS_2017.laz,2018-01-02,1:21,127M
USGS_LPC_WA_MtBaker_2015_10UEV9110_LAS_2017.laz,2018-01-02,1:41,258M
USGS_LPC_WA_MtBaker_2015_10UEV9111_LAS_2017.laz,2018-01-02,1:59,279M
USGS_LPC_WA_MtBaker_2015_10UEV9112_LAS_2017.laz,2018-01-02,2:12,319M
USGS_LPC_WA_MtBaker_2015_10UEV9113_LAS_2017.laz,2018-01-02,1:05,162M
USGS_LPC_WA_MtBaker_2015_10UEV9114_LAS_2017.laz,2018-01-02,1:14,86M
USGS_LPC_WA_MtBaker_2015_10UEV9115_LAS_2017.laz,2018-01-02,1:07,19M
USGS_LPC_WA_MtBaker_2015_10UEV9200_LAS_2017.laz,2018-01-02,1:35,301M
USGS_LPC_WA_MtBaker_2015_10UEV9201_LAS_2017.laz,2018-01-02,1:50,219M
USGS_LPC_WA_MtBaker_2015_10UEV9202_LAS_2017.laz,2018-01-02,2:07,306M
USGS_LPC_WA_MtBaker_2015_10UEV9203_LAS_2017.laz,2018-01-02,1:32,313M
USGS_LPC_WA_MtBaker_2015_10UEV9204_LAS_2017.laz,2018-01-02,1:07,162M
USGS_LPC_WA_MtBaker_2015_10UEV9205_LAS_2017.laz,2018-01-02,1:41,124M
USGS_LPC_WA_MtBaker_2015_10UEV9206_LAS_2017.laz,2018-01-02,1:49,105M
USGS_LPC_WA_MtBaker_2015_10UEV9207_LAS_2017.laz,2018-01-02,1:55,63M
USGS_LPC_WA_MtBaker_2015_10UEV9208_LAS_2017.laz,2018-01-02,2:02,67M
USGS_LPC_WA_MtBaker_2015_10UEV9209_LAS_2017.laz,2018-01-02,1:21,94M
USGS_LPC_WA_MtBaker_2015_10UEV9210_LAS_2017.laz,2018-01-02,1:11,247M
USGS_LPC_WA_MtBaker_2015_10UEV9211_LAS_2017.laz,2018-01-02,1:27,90M
USGS_LPC_WA_MtBaker_2015_10UEV9212_LAS_2017.laz,2018-01-02,2:03,12M
USGS_LPC_WA_MtBaker_2015_10UEV9300_LAS_2017.laz,2018-01-02,2:16,359M
USGS_LPC_WA_MtBaker_2015_10UEV9301_LAS_2017.laz,2018-01-02,2:02,515M
USGS_LPC_WA_MtBaker_2015_10UEV9302_LAS_2017.laz,2018-01-02,1:24,411M
USGS_LPC_WA_MtBaker_2015_10UEV9303_LAS_2017.laz,2018-01-02,1:57,309M
USGS_LPC_WA_MtBaker_2015_10UEV9304_LAS_2017.laz,2018-01-02,2:08,208M
USGS_LPC_WA_MtBaker_2015_10UEV9305_LAS_2017.laz,2018-01-02,1:34,151M
USGS_LPC_WA_MtBaker_2015_10UEV9306_LAS_2017.laz,2018-01-02,2:11,81M
USGS_LPC_WA_MtBaker_2015_10UEV9307_LAS_2017.laz,2018-01-02,1:01,74M
USGS_LPC_WA_MtBaker_2015_10UEV9308_LAS_2017.laz,2018-01-02,1:06,63M
USGS_LPC_WA_MtBaker_2015_10UEV9309_LAS_2017.laz,2018-01-02,2:13,17M
USGS_LPC_WA_MtBaker_2015_10UEV9400_LAS_2017.laz,2018-01-02,1:10,45M
USGS_LPC_WA_MtBaker_2015_10UEV9401_LAS_2017.laz,2018-01-02,1:28,255M
USGS_LPC_WA_MtBaker_2015_10UEV9402_LAS_2017.laz,2018-01-02,1:46,263M
USGS_LPC_WA_MtBaker_2015_10UEV9403_LAS_2017.laz,2018-01-02,1:58,179M
USGS_LPC_WA_MtBaker_2015_10UEV9404_LAS_2017.laz,2018-01-02,1:16,316M
USGS_LPC_WA_MtBaker_2015_10UEV9405_LAS_2017.laz,2018-01-02,1:32,239M
USGS_LPC_WA_MtBaker_2015_10UEV9406_LAS_2017.laz,2018-01-02,1:43,106M
USGS_LPC_WA_MtBaker_2015_10UEV9407_LAS_2017.laz,2018-01-02,1:52,131M
USGS_LPC_WA_MtBaker_2015_10UEV9408_LAS_2017.laz,2018-01-02,1:33,14M
USGS_LPC_WA_MtBaker_2015_10UEV9501_LAS_2017.laz,2018-01-02,1:59,96M
USGS_LPC_WA_MtBaker_2015_10UEV9502_LAS_2017.laz,2018-01-02,1:28,224M
USGS_LPC_WA_MtBaker_2015_10UEV9503_LAS_2017.laz,2018-01-02,1:40,174M
USGS_LPC_WA_MtBaker_2015_10UEV9504_LAS_2017.laz,2018-01-02,1:12,270M
USGS_LPC_WA_MtBaker_2015_10UEV9505_LAS_2017.laz,2018-01-02,2:02,294M
USGS_LPC_WA_MtBaker_2015_10UEV9506_LAS_2017.laz,2018-01-02,2:15,223M
USGS_LPC_WA_MtBaker_2015_10UEV9507_LAS_2017.laz,2018-01-02,0:59,70M
USGS_LPC_WA_MtBaker_2015_10UEV9601_LAS_2017.laz,2018-01-02,2:07,103M
USGS_LPC_WA_MtBaker_2015_10UEV9602_LAS_2017.laz,2018-01-02,1:17,253M
USGS_LPC_WA_MtBaker_2015_10UEV9603_LAS_2017.laz,2018-01-02,1:33,243M
USGS_LPC_WA_MtBaker_2015_10UEV9604_LAS_2017.laz,2018-01-02,1:50,260M
USGS_LPC_WA_MtBaker_2015_10UEV9605_LAS_2017.laz,2018-01-02,2:05,260M
USGS_LPC_WA_MtBaker_2015_10UEV9606_LAS_2017.laz,2018-01-02,2:15,265M
USGS_LPC_WA_MtBaker_2015_10UEV9607_LAS_2017.laz,2018-01-02,1:12,1.6M
USGS_LPC_WA_MtBaker_2015_10UEV9701_LAS_2017.laz,2018-01-02,1:19,92M
USGS_LPC_WA_MtBaker_2015_10UEV9702_LAS_2017.laz,2018-01-02,1:12,269M
USGS_LPC_WA_MtBaker_2015_10UEV9703_LAS_2017.laz,2018-01-02,1:40,322M
USGS_LPC_WA_MtBaker_2015_10UEV9704_LAS_2017.laz,2018-01-02,2:01,281M
USGS_LPC_WA_MtBaker_2015_10UEV9705_LAS_2017.laz,2018-01-02,1:12,253M
USGS_LPC_WA_MtBaker_2015_10UEV9706_LAS_2017.laz,2018-01-02,1:42,18M
USGS_LPC_WA_MtBaker_2015_10UEV9801_LAS_2017.laz,2018-01-02,1:19,93M
USGS_LPC_WA_MtBaker_2015_10UEV9802_LAS_2017.laz,2018-01-02,1:47,210M
USGS_LPC_WA_MtBaker_2015_10UEV9803_LAS_2017.laz,2018-01-02,2:03,240M
USGS_LPC_WA_MtBaker_2015_10UEV9804_LAS_2017.laz,2018-01-02,1:33,220M
USGS_LPC_WA_MtBaker_2015_10UEV9805_LAS_2017.laz,2018-01-02,2:04,45M
USGS_LPC_WA_MtBaker_2015_10UEV9901_LAS_2017.laz,2018-01-02,1:00,88M
USGS_LPC_WA_MtBaker_2015_10UEV9902_LAS_2017.laz,2018-01-02,1:17,243M
USGS_LPC_WA_MtBaker_2015_10UEV9903_LAS_2017.laz,2018-01-02,1:31,222M
USGS_LPC_WA_MtBaker_2015_10UEV9904_LAS_2017.laz,2018-01-02,1:37,89M
USGS_LPC_WA_MtBaker_2015_10UFV0001_LAS_2017.laz,2018-01-02,1:41,55M
USGS_LPC_WA_MtBaker_2015_10UFV0002_LAS_2017.laz,2018-01-02,1:54,187M
USGS_LPC_WA_MtBaker_2015_10UFV0003_LAS_2017.laz,2018-01-02,1:02,124M
USGS_LPC_WA_MtBaker_2015_10UFV0101_LAS_2017.laz,2018-01-02,1:06,51M
USGS_LPC_WA_MtBaker_2015_10UFV0102_LAS_2017.laz,2018-01-02,1:14,131M
USGS_LPC_WA_MtBaker_2015_10UFV0103_LAS_2017.laz,2018-01-02,1:15,1.3M
USGS_LPC_WA_MtBaker_2015_10UFV0201_LAS_2017.laz,2018-01-02,1:18,40M
USGS_LPC_WA_MtBaker_2015_10UFV0202_LAS_2017.laz,2018-01-02,1:20,38M
USGS_LPC_WA_MtBaker_2015_10UFV0301_LAS_2017.laz,2018-01-02,0:54,551K